<?xml version="1.0" encoding="UTF-8"?>

<!-- lang-addon.xml
	Purpose:
		
	Description:
		
	History:
		Thu Oct 12 14:29:49     2006, Created by henrichen

Copyright (C) 2006 Potix Corporation. All Rights Reserved.
-->

<language-addon>
	<!-- The name of this addon. It must be unique -->
	<addon-name>gmapsz</addon-name>
	<!-- Specifies what other addon this depends
	<depends></depends>
	-->

	<version>
		<version-class>org.zkforge.gmaps.Version</version-class>
		<version-uid>2.0_4</version-uid>
		<zk-version>2.5.0</zk-version><!-- or later -->
	</version>

	<!-- Which language this addon will be added to -->
	<language-name>xul/html</language-name>

	<!-- [Optional, Multiple] Define a JavaScript module.
		Change the version if JS files are modified, such that
		browsers will reload them. -->
	<javascript-module name="gmapsz.gmaps" version="2.0_4"/>

	<zscript>
	import org.zkforge.gmaps.*;
	</zscript>

	<component>
		<component-name>ginfo</component-name>
		<component-class>org.zkforge.gmaps.Ginfo</component-class>
		<mold>
			<mold-name>default</mold-name>
			<mold-uri>~./gmaps/ginfo.dsp</mold-uri>
		</mold>
	</component>

	<component>
		<component-name>gmaps</component-name>
		<component-class>org.zkforge.gmaps.Gmaps</component-class>
		<mold>
			<mold-name>default</mold-name>
			<mold-uri>~./gmaps/gmaps.dsp</mold-uri>
		</mold>
	</component>

	<component>
		<component-name>gmarker</component-name>
		<component-class>org.zkforge.gmaps.Gmarker</component-class>
		<mold>
			<mold-name>default</mold-name>
			<mold-uri>~./gmaps/gmarker.dsp</mold-uri>
		</mold>
	</component>

	<component>
		<component-name>gpolyline</component-name>
		<component-class>org.zkforge.gmaps.Gpolyline</component-class>
		<mold>
			<mold-name>default</mold-name>
			<mold-uri>~./gmaps/gpolyline.dsp</mold-uri>
		</mold>
	</component>
</language-addon>
